sample	chr	pos	ref	alt	VAF	source_coverage	total_coverage	max_coverage	source
DNA-24628-CG001Qv42Run241-5_S5	chr19	4117563	GCTT	G	0.00609	7221	44	27	CG001v3.4.62
DNA-24628-CG001Qv42Run241-5_S5	chr1	14155396	CCA	C	0.00508	1377	7	6	CG001v4.0.53
DNA-24628-CG001Qv42Run241-5_S5	chr1	14155400	ACG	A	0.00799	1377	11	6	CG001v4.0.53
DNA-24628-CG001Qv42Run241-5_S5	chr1	14155398	A	ACG	0.00508	1377	7	6	CG001v4.0.53
DNA-24628-CG001Qv42Run241-5_S5	chr1	14155402	G	GCA	0.00508	1377	7	6	CG001v4.0.53
DNA-24629-CG001Qv42Run241-6_S6	chr19	4117563	GCTT	G	0.01287	7616	98	62	CG001v3.4.62
DNA-24630-CG001Qv42Run241-7_S7	chr19	4117563	GCTT	G	0.00827	9554	79	48	CG001v3.4.62
DNA-24631-CG001Qv42Run241-8_S8	chr19	4117563	GCTT	G	0.00676	7687	52	29	CG001v3.4.62
DNA-24632-CG001Qv42Run241-9_S9	chr19	4117563	GCTT	G	0.00857	8871	76	52	CG001v3.4.62
DNA-24681-CG001Qv42Run241-11_S11	chr19	4117563	GCTT	G	0.0052	8851	46	29	CG001v3.4.62
DNA-24681-CG001Qv42Run241-11_S11	chr7	55228049	G	GC	0.00613	978	6	4	CG001v4.0.50
DNA-24682-CG001Qv42Run241-12_S12	chr19	4117563	GCTT	G	0.01142	8760	100	63	CG001v3.4.62
DNA-24684-CG001Qv42Run241-14_S14	chr19	4117563	GCTT	G	0.00714	8269	59	39	CG001v3.4.62
DNA-24684-CG001Qv42Run241-14_S14	chr1	14155400	ACG	A	0.00502	2591	13	7	CG001v4.0.53
DNA-24685-CG001Qv42Run241-15_S15	chr19	4117563	GCTT	G	0.00528	6251	33	23	CG001v3.4.62
DNA-24686-CG001Qv42Run241-16_S16	chr7	55228052	TAG	T	0.00783	1022	8	5	CG001v4.0.50
DNA-24686-CG001Qv42Run241-16_S16	chr7	55228055	T	TGC	0.00587	1022	6	5	CG001v4.0.50
DNA-24688-CG001Qv42Run241-18_S18	chr19	4117563	GCTT	G	0.02139	5891	126	87	CG001v3.4.62
DNA-24689-CG001Qv42Run241-19_S19	chr19	4117563	GCTT	G	0.00563	7995	45	28	CG001v3.4.62
DNA-24798-CG001Qv42Run241-20_S20	chr19	4117563	GCTT	G	0.00658	5619	37	24	CG001v3.4.62
DNA-24798-CG001Qv42Run241-20_S20	chr1	14155402	G	GCA	0.00544	1102	6	4	CG001v4.0.53
DNA-24799-CG001Qv42Run241-21_S21	chr19	4117563	GCTT	G	0.01123	7659	86	54	CG001v3.4.62
DNA-24799-CG001Qv42Run241-21_S21	chr6	117638374	AT	A	0.00556	8990	50	35	CG001v3.4.92
DNA-24800-CG001Qv42Run241-22_S22	chr19	4117563	GCTT	G	0.00528	8337	44	29	CG001v3.4.62
NF-CG001Qv42Run241-3_S3	chr12	25398298	CA	C	0.00999	2802	28	21	CG001v3.4.56
NF-CG001Qv42Run241-3_S3	chr12	25398299	A	GC	0.00999	2802	28	21	CG001v3.4.56
NF-CG001Qv42Run241-3_S3	chr12	25398297	C	CCG	0.00999	2802	28	21	CG001v3.4.56
QMRS-CG001Qv42Run241-2_S2	chr3	41266133	CCTT	C	0.09359	6774	634	417	CG001v3.4.13
QMRS-CG001Qv42Run241-2_S2	chr7	55242464	AGGAATTAAGAGAAGC	A	0.01768	2488	44	29	CG001v3.4.20