sample	chr	pos	ref	alt	VAF	source_coverage	total_coverage	max_coverage	source
DNA-25092-CG001Qv42Run248-4_S4	chr7	55228052	TA	T	0.00772	518	4	2	CG001v4.0.50
DNA-25092-CG001Qv42Run248-4_S4	chr17	37881002	G	GGGCTCCCCA	0.10797	7650	826	737	CG001v3.4.25
DNA-25166-CG001Qv42Run248-13_S13	chr1	14155400	ACG	A	0.00509	2555	13	7	CG001v4.0.53
DNA-25167-CG001Qv42Run248-14_S14	chr17	7579539	T	TTGTTC	0.01668	2878	48	42	CG001v4.0.11
DNA-25168-CG001Qv42Run248-15_S15	chr7	55228052	TA	T	0.00583	686	4	2	CG001v4.0.50
DNA-25169-CG001Qv42Run248-16_S16	chr7	55228052	TA	T	0.00599	668	4	3	CG001v4.0.50
DNA-25172-CG001Qv42Run248-19_S19	chr12	133250116	TGC	T	0.00546	1464	8	5	CG001v4.0.34
NF-CG001Qv42Run248-3_S3	chr12	25398298	CA	C	0.0051	2549	13	11	CG001v3.4.56
NF-CG001Qv42Run248-3_S3	chr12	25398299	A	GC	0.0051	2549	13	11	CG001v3.4.56
NF-CG001Qv42Run248-3_S3	chr12	25398297	C	CCG	0.0051	2549	13	11	CG001v3.4.56
QMRS-CG001Qv42Run248-2_S2	chr3	41266133	CCTT	C	0.08185	8247	675	609	CG001v3.4.13
QMRS-CG001Qv42Run248-2_S2	chr7	55242464	AGGAATTAAGAGAAGC	A	0.02335	2698	63	59	CG001v3.4.20