sample	chr	pos	ref	alt	VAF	source_coverage	total_coverage	max_coverage	source
DNA-22504-CG001Qv42Run225-4_S4	chr19	4117563	GCTT	G	0.01163	6620	77	67	CG001v3.4.62
DNA-22505-CG001Qv42Run225-6_S6	chr19	4117563	GCTT	G	0.01057	7476	79	70	CG001v3.4.62
DNA-22506-CG001Qv42Run225-7_S7	chr19	4117563	GCTT	G	0.0051	6473	33	27	CG001v3.4.62
DNA-22506-CG001Qv42Run225-7_S7	chr7	55228052	TA	T	0.00907	1434	13	10	CG001v4.0.50
DNA-22506-CG001Qv42Run225-7_S7	chr7	55228049	G	GC	0.00697	1434	10	10	CG001v4.0.50
DNA-22507-CG001Qv42Run225-8_S8	chr19	4117563	GCTT	G	0.01241	5962	74	64	CG001v3.4.62
DNA-22508-CG001Qv42Run225-9_S9	chr19	4117563	GCTT	G	0.00808	7551	61	52	CG001v3.4.62
DNA-22510-CG001Qv42Run225-11_S11	chr19	4117563	GCTT	G	0.0125	8720	109	101	CG001v3.4.62
DNA-22511-CG001Qv42Run225-12_S12	chr19	4117563	GCTT	G	0.01219	8614	105	81	CG001v3.4.62
DNA-22512-CG001Qv42Run225-13_S13	chr19	4117563	GCTT	G	0.00973	8323	81	70	CG001v3.4.62
DNA-22513-CG001Qv42Run225-14_S14	chr19	4117563	GCTT	G	0.00788	5961	47	44	CG001v3.4.62
DNA-22635-CG001Qv42Run225-16_S16	chr19	4117563	GCTT	G	0.00622	8042	50	42	CG001v3.4.62
DNA-22636-CG001Qv42Run225-17_S17	chr19	4117563	GCTT	G	0.01919	7607	146	129	CG001v3.4.62
DNA-22638-CG001Qv42Run225-19_S19	chr20	51296161	ATG	A	0.00641	780	5	5	CG001v4.0.59
DNA-22638-CG001Qv42Run225-19_S19	chr20	51296160	G	GAC	0.00641	780	5	5	CG001v4.0.59
DNA-22638-CG001Qv42Run225-19_S19	chr20	51296162	TG	CA	0.00641	780	5	5	CG001v4.0.59
DNA-22640-CG001Qv42Run225-21_S21	chr19	4117563	GCTT	G	0.00605	8758	53	50	CG001v3.4.62
DNA-22641-CG001Qv42Run225-22_S22	chr7	55228052	TA	T	0.00968	620	6	3	CG001v4.0.50
DNA-22642-CG001Qv42Run225-23_S23	chr19	4117563	GCTT	G	0.00656	13411	88	73	CG001v3.4.62
NF-CG001Qv42Run225-3_S3	chr12	25398298	CA	C	0.01054	2088	22	20	CG001v3.4.56
NF-CG001Qv42Run225-3_S3	chr12	25398299	A	GC	0.01054	2088	22	20	CG001v3.4.56
NF-CG001Qv42Run225-3_S3	chr12	25398297	C	CCG	0.01054	2088	22	20	CG001v3.4.56
QMRS-CG001Qv42Run225-2_S2	chr3	41266133	CCTT	C	0.07887	8875	700	631	CG001v3.4.13
QMRS-CG001Qv42Run225-2_S2	chr7	55242464	AGGAATTAAGAGAAGC	A	0.01993	3010	60	47	CG001v3.4.20