sample	chr	pos	ref	alt	VAF	source_coverage	total_coverage	max_coverage	source
DNA-24475-CG001Qv42Run239-5_S5	chr20	51296157	AGGG	A	0.00574	1219	7	5	CG001v4.0.59
DNA-24475-CG001Qv42Run239-5_S5	chr20	51296131	G	GAA	0.00574	1219	7	5	CG001v4.0.59
DNA-24475-CG001Qv42Run239-5_S5	chr20	51296156	T	TAAA	0.00574	1219	7	5	CG001v4.0.59
DNA-24475-CG001Qv42Run239-5_S5	chr20	51296130	GG	AA	0.00574	1219	7	5	CG001v4.0.59
DNA-24475-CG001Qv42Run239-5_S5	chr20	51296158	GGG	AAA	0.00574	1219	7	5	CG001v4.0.59
DNA-24557-CG001Qv42Run239-7_S7	chr7	140481401	TCC	T	0.04994	7249	362	322	CG001v4.0.6
DNA-24557-CG001Qv42Run239-7_S7	chr7	140481400	T	TAC	0.04994	7249	362	322	CG001v4.0.6
DNA-24560-CG001Qv42Run239-10_S10	chr1	14155400	ACG	A	0.00891	786	7	4	CG001v4.0.53
DNA-24560-CG001Qv42Run239-10_S10	chr1	14155396	C	CCG	0.00636	786	5	4	CG001v4.0.53
DNA-24563-CG001Qv42Run239-13_S13	chr7	55228052	TA	T	0.00506	791	4	2	CG001v4.0.50
DNA-24564-CG001Qv42Run239-14_S14	chr19	4117563	GCTT	G	0.00519	8871	46	40	CG001v3.4.62
DNA-24567-CG001Qv42Run239-17_S17	chr19	4117563	GCTT	G	0.00725	12143	88	73	CG001v3.4.62
QMRS-CG001Qv42Run239-2_S2	chr1	14155396	CCA	C	0.0071	563	4	3	CG001v4.0.53
QMRS-CG001Qv42Run239-2_S2	chr1	14155401	CGT	C	0.00533	563	3	2	CG001v4.0.53
QMRS-CG001Qv42Run239-2_S2	chr3	41266133	CCTT	C	0.08379	5669	475	424	CG001v3.4.13
QMRS-CG001Qv42Run239-2_S2	chr7	55242464	AGGAATTAAGAGAAGC	A	0.01612	1489	24	23	CG001v3.4.20
QMRS-CG001Qv42Run239-2_S2	chr1	14155398	A	ACG	0.0071	563	4	3	CG001v4.0.53
QMRS-CG001Qv42Run239-2_S2	chr1	14155402	G	GCA	0.0071	563	4	3	CG001v4.0.53