sample	chr	pos	ref	alt	VAF	source_coverage	total_coverage	max_coverage	source
DNA-23560-CG001Qv42Run233-15_S15	chr7	55228051	T	TC	0.00527	569	3	3	CG001v4.0.50
DNA-23561-CG001Qv42Run233-16_S16	chr19	4117563	GCTT	G	0.00647	8965	58	51	CG001v3.4.62
DNA-23562-CG001Qv42Run233-24_S24	chr19	4117563	GCTT	G	0.00803	9343	75	69	CG001v3.4.62
DNA-23753-CG001Qv42Run233-17_S17	chr19	4117563	GCTT	G	0.00931	8490	79	71	CG001v3.4.62
DNA-23753-CG001Qv42Run233-17_S17	chr4	55141054	CA	TG	0.00609	6409	39	33	CG001v4.0.51
DNA-23754-CG001Qv42Run233-18_S18	chr19	4117563	GCTT	G	0.00565	12041	68	62	CG001v3.4.62
DNA-23754-CG001Qv42Run233-18_S18	chr7	55228052	TA	T	0.00779	1027	8	5	CG001v4.0.50
DNA-23755-CG001Qv42Run233-19_S19	chr7	55228052	TA	T	0.00515	1164	6	4	CG001v4.0.50
DNA-23756-CG001Qv42Run233-20_S20	chr19	4117563	GCTT	G	0.00599	6172	37	36	CG001v3.4.62
DNA-23756-CG001Qv42Run233-20_S20	chr7	55228052	TAG	T	0.00585	684	4	3	CG001v4.0.50
DNA-23756-CG001Qv42Run233-20_S20	chr20	51296161	AT	GC	0.00618	647	4	3	CG001v4.0.59
DNA-23756-CG001Qv42Run233-20_S20	chr8	28411072	TT	CC	0.00553	5429	30	24	CG001v3.4.94
DNA-23757-CG001Qv42Run233-21_S21	chr19	4117563	GCTT	G	0.00988	9813	97	88	CG001v3.4.62
DNA-23757-CG001Qv42Run233-21_S21	chr17	37880981	A	AGCATACGTGATG	0.01483	8094	120	112	CG001v3.4.25
DNA-23758-CG001Qv42Run233-22_S22	chr19	4117563	GCTT	G	0.00926	8095	75	68	CG001v3.4.62
DNA-23759-CG001Qv42Run233-23_S23	chr19	4117563	GCTT	G	0.00741	10385	77	70	CG001v3.4.62
DNA-23759-CG001Qv42Run233-23_S23	chr7	55228052	TA	T	0.0069	1304	9	5	CG001v4.0.50
QMRS-CG001Qv42Run233-2_S2	chr1	14155396	CCA	C	0.00546	1649	9	8	CG001v4.0.53
QMRS-CG001Qv42Run233-2_S2	chr3	41266133	CCTT	C	0.07714	9243	713	622	CG001v3.4.13
QMRS-CG001Qv42Run233-2_S2	chr7	55242464	AGGAATTAAGAGAAGC	A	0.02159	3288	71	60	CG001v3.4.20
QMRS-CG001Qv42Run233-2_S2	chr1	14155398	A	ACG	0.00546	1649	9	8	CG001v4.0.53
QMRS-CG001Qv42Run233-2_S2	chr1	14155402	G	GCA	0.00546	1649	9	8	CG001v4.0.53