sample	chr	pos	ref	alt	VAF	source_coverage	total_coverage	max_coverage	source
DNA-24883-CG001Qv42Run245-6_S6	chr1	14155400	ACG	A	0.00547	1829	10	6	CG001v4.0.53
DNA-24884-CG001Qv42Run245-5_S5	chr17	7579345	CAAG	C	0.00654	6267	41	30	CG001v3.4.102
DNA-24885-CG001Qv42Run245-7_S7	chr1	14155396	CCA	C	0.0053	2452	13	10	CG001v4.0.53
DNA-24885-CG001Qv42Run245-7_S7	chr1	14155398	A	ACG	0.0053	2452	13	10	CG001v4.0.53
DNA-24885-CG001Qv42Run245-7_S7	chr1	14155402	G	GCA	0.0053	2452	13	10	CG001v4.0.53
DNA-24887-CG001Qv42Run245-9_S9	chr1	14155396	CCA	C	0.00534	2246	12	12	CG001v4.0.53
DNA-24887-CG001Qv42Run245-9_S9	chr1	14155398	A	ACG	0.00534	2246	12	12	CG001v4.0.53
DNA-24887-CG001Qv42Run245-9_S9	chr1	14155402	G	GCA	0.00534	2246	12	12	CG001v4.0.53
DNA-24888-CG001Qv42Run245-10_S10	chr1	14155400	ACG	A	0.00504	1191	6	4	CG001v4.0.53
DNA-24953-CG001Qv42Run245-18_S18	chr7	116411848	C	CCT	0.49163	1971	969	845	CG001v3.4.65
DNA-24956-CG001Qv42Run245-21_S21	chr1	14155400	ACG	A	0.00862	2203	19	11	CG001v4.0.53
DNA-24956-CG001Qv42Run245-21_S21	chr1	14155396	C	CCG	0.00545	2203	12	11	CG001v4.0.53
NF-CG001Qv42Run245-3_S3	chr12	25398298	CA	C	0.00782	2431	19	18	CG001v3.4.56
NF-CG001Qv42Run245-3_S3	chr12	25398299	A	GC	0.00782	2431	19	18	CG001v3.4.56
NF-CG001Qv42Run245-3_S3	chr12	25398297	C	CCG	0.00782	2431	19	18	CG001v3.4.56
QMRS-CG001Qv42Run245-2_S2	chr3	41266133	CCTT	C	0.09165	8532	782	710	CG001v3.4.13
QMRS-CG001Qv42Run245-2_S2	chr7	55242464	AGGAATTAAGAGAAGC	A	0.0177	2995	53	48	CG001v3.4.20